ticker,sector,is_benchmark,valid_from,valid_to
AAPL,Information Technology,false,2015-01-01,
MSFT,Information Technology,false,2015-01-01,
GOOGL,Communication Services,false,2015-01-01,
AMZN,Consumer Discretionary,false,2015-01-01,
META,Communication Services,false,2015-01-01,
NVDA,Information Technology,false,2015-01-01,
TSLA,Consumer Discretionary,false,2015-01-01,
JPM,Financials,false,2015-01-01,
BAC,Financials,false,2015-01-01,
WFC,Financials,false,2015-01-01,
GS,Financials,false,2015-01-01,
V,Financials,false,2015-01-01,
JNJ,Health Care,false,2015-01-01,
UNH,Health Care,false,2015-01-01,
PFE,Health Care,false,2015-01-01,
MRK,Health Care,false,2015-01-01,
WMT,Consumer Staples,false,2015-01-01,
KO,Consumer Staples,false,2015-01-01,
PEP,Consumer Staples,false,2015-01-01,
PG,Consumer Staples,false,2015-01-01,
MCD,Consumer Discretionary,false,2015-01-01,
HD,Consumer Discretionary,false,2015-01-01,
BA,Industrials,false,2015-01-01,
CAT,Industrials,false,2015-01-01,
GE,Industrials,false,2015-01-01,
XOM,Energy,false,2015-01-01,
CVX,Energy,false,2015-01-01,
NEE,Utilities,false,2015-01-01,
LIN,Materials,false,2015-01-01,
DIS,Communication Services,false,2015-01-01,
NFLX,Communication Services,false,2015-01-01,
SPY,Benchmark,true,2015-01-01,
